"","Date","France","Alsace","Aquitaine","Auvergne","Burgundy","Brittany","Centre","Champagne.Ardenne","Franche.Comte","Ile.de.France","Languedoc.Roussillon","Lorraine","Midi.Pyrenees","Nord.Pas.de.Calais","Normandy...Lower","Normandy...Upper","Pays.de.la.Loire","Picardie","Poitou.Charentes","Provence.Alpes.Cote.dAzur.Rhône.Alpes.2003.09.28.25.........19............2003.10.05.25.........20............2003.10.12.30.........21............2003.10.19.81.........65............Date.France.Alsace.Aquitaine.Auvergne.Burgundy.Brittany.Centre.Champagne.Ardenne.Franche.Comte.Ile.de.France.Languedoc.Roussillon.Lorraine.Midi.Pyrenees.Nord.Pas.de.Calais.Normandy...Lower.Normandy...Upper.Pays.de.la.Loire.Picardie.Poitou.Charentes.Provence.Alpes.Cote.dAzur","Rhône.Alpes"
"1","2003-11-02",48,NA,NA,NA,NA,32,NA,NA,NA,37,NA,NA,NA,NA,NA,NA,NA,NA,NA,NA,122
"2","2003-11-09",146,50,NA,NA,NA,77,NA,NA,NA,104,NA,NA,NA,75,NA,NA,34,NA,NA,36,130
"3","2003-11-16",274,62,62,NA,NA,121,NA,NA,NA,199,NA,NA,30,149,NA,NA,63,NA,NA,49,259
"4","2003-11-23",877,91,210,NA,NA,404,NA,NA,NA,805,NA,NA,140,363,NA,NA,191,NA,NA,198,664
"5","2003-11-30",1282,318,574,NA,NA,684,NA,NA,NA,1050,NA,NA,572,413,NA,NA,284,NA,NA,683,1155
"6","2003-12-07",634,351,401,NA,NA,274,NA,NA,NA,436,NA,NA,339,364,NA,NA,247,NA,NA,586,560
"7","2003-12-14",457,255,281,NA,NA,196,NA,NA,NA,331,NA,NA,260,294,NA,NA,208,NA,NA,438,635
"8","2003-12-21",275,213,218,NA,NA,125,NA,NA,NA,207,NA,NA,219,234,NA,NA,145,NA,NA,384,567
"9","2003-12-28",154,163,162,NA,NA,116,NA,NA,NA,84,NA,NA,192,194,NA,NA,111,NA,NA,259,377
"10","2004-01-04",71,129,115,NA,NA,103,NA,NA,NA,48,NA,NA,93,147,NA,NA,73,NA,NA,166,198
"11","2004-01-11",44,88,80,NA,NA,64,NA,NA,NA,24,NA,NA,54,103,NA,NA,45,NA,NA,99,130
"12","2004-01-18",29,66,53,NA,NA,46,NA,NA,NA,19,NA,NA,28,77,NA,NA,33,NA,NA,63,78
"13","2004-01-25",30,49,43,NA,NA,33,NA,NA,NA,21,NA,NA,18,68,NA,NA,25,NA,NA,43,70
"14","2004-02-01",32,48,33,NA,NA,29,NA,NA,NA,21,NA,NA,13,59,NA,NA,21,NA,NA,35,42
"15","2004-02-08",22,43,29,NA,NA,24,NA,NA,NA,14,NA,NA,11,53,NA,NA,18,NA,NA,29,44
"16","2004-02-15",23,34,25,NA,NA,22,NA,NA,NA,17,NA,NA,10,49,NA,NA,19,NA,NA,22,36
"17","2004-02-22",31,34,27,NA,NA,23,NA,NA,NA,19,NA,NA,15,56,NA,NA,16,NA,NA,24,36
"18","2004-02-29",16,35,23,NA,NA,23,NA,NA,NA,9,NA,NA,15,53,NA,NA,14,NA,NA,22,37
"19","2004-03-07",18,37,21,NA,NA,24,NA,NA,NA,13,NA,NA,15,46,NA,NA,15,NA,NA,22,33
"20","2004-03-14",14,36,22,NA,NA,22,NA,NA,NA,8,NA,NA,13,45,NA,NA,13,NA,NA,17,31
"21","2004-03-21",15,36,20,NA,NA,20,NA,NA,NA,9,NA,NA,11,45,NA,NA,13,NA,NA,12,27
"22","2004-03-28",15,38,17,NA,NA,18,NA,NA,NA,9,NA,NA,9,45,NA,NA,13,NA,NA,10,29
"23","2004-04-04",9,33,18,NA,NA,15,NA,NA,NA,6,NA,NA,10,41,NA,NA,13,NA,NA,8,26
"24","2004-04-11",11,30,17,NA,NA,14,NA,NA,NA,8,NA,NA,9,42,NA,NA,12,NA,NA,6,29
"25","2004-04-18",7,32,14,NA,NA,11,NA,NA,NA,5,NA,NA,7,36,NA,NA,10,NA,NA,6,28
"26","2004-04-25",8,28,13,NA,NA,10,NA,NA,NA,6,NA,NA,5,43,NA,NA,10,NA,NA,5,23
"27","2004-05-02",11,24,11,NA,NA,12,NA,NA,NA,6,NA,NA,4,48,NA,NA,10,NA,NA,4,18
"28","2004-05-09",9,20,11,NA,NA,11,NA,NA,NA,6,NA,NA,4,44,NA,NA,9,NA,NA,4,15
"29","2004-05-16",5,20,10,NA,NA,9,NA,NA,NA,2,NA,NA,4,43,NA,NA,8,NA,NA,3,12
"30","2004-05-23",7,17,11,NA,NA,9,NA,NA,NA,4,NA,NA,4,47,NA,NA,7,NA,NA,3,11
"31","2004-05-30",8,14,9,NA,NA,9,NA,NA,NA,5,NA,NA,3,48,NA,NA,8,NA,NA,2,11
"32","2004-06-06",6,13,9,NA,NA,9,NA,NA,NA,3,NA,NA,3,47,NA,NA,7,NA,NA,2,14
"33","2004-06-13",4,12,10,NA,NA,9,NA,NA,NA,3,NA,NA,3,39,NA,NA,6,NA,NA,2,13
"34","2004-06-20",4,11,9,NA,NA,9,NA,NA,NA,2,NA,NA,3,36,NA,NA,5,NA,NA,2,16
"35","2004-06-27",4,10,9,NA,NA,8,NA,NA,NA,3,NA,NA,3,29,NA,NA,5,NA,NA,2,15
"36","2004-07-04",5,9,8,NA,NA,6,NA,NA,NA,3,NA,NA,3,29,NA,NA,5,NA,NA,2,16
"37","2004-07-11",5,9,7,NA,NA,6,NA,NA,NA,3,NA,NA,3,30,NA,NA,6,NA,NA,2,16
"38","2004-07-18",5,8,7,NA,NA,5,NA,NA,NA,3,NA,NA,3,33,NA,NA,6,NA,NA,3,14
"39","2004-07-25",4,7,7,NA,NA,5,NA,NA,NA,3,NA,NA,3,31,NA,NA,6,NA,NA,3,12
"40","2004-08-01",4,7,7,NA,NA,6,NA,NA,NA,3,NA,NA,3,33,NA,NA,6,NA,NA,4,14
"41","2004-08-08",9,7,7,NA,NA,6,NA,NA,NA,6,NA,NA,3,42,NA,NA,6,NA,NA,5,15
"42","2004-08-15",7,7,6,NA,NA,5,NA,NA,NA,4,NA,NA,3,56,NA,NA,6,NA,NA,4,15
"43","2004-08-22",8,7,6,NA,NA,5,NA,NA,NA,5,NA,NA,3,71,NA,NA,6,NA,NA,4,13
"44","2004-08-29",6,7,6,NA,NA,5,NA,NA,NA,4,NA,NA,3,67,NA,NA,7,NA,NA,5,12
"45","2004-09-05",10,8,6,NA,NA,5,NA,NA,NA,7,NA,NA,3,79,NA,NA,10,NA,NA,4,11
"46","2004-09-12",13,9,6,NA,NA,5,NA,NA,NA,8,NA,NA,6,66,NA,NA,10,NA,NA,5,16
"47","2004-09-19",33,14,8,NA,NA,8,NA,NA,NA,23,NA,NA,13,60,NA,NA,11,NA,NA,6,25
"48","2004-09-26",40,15,11,NA,NA,10,NA,NA,NA,26,NA,NA,30,61,NA,NA,16,NA,NA,12,54
"49","2004-10-03",51,22,16,NA,NA,19,NA,NA,NA,34,NA,NA,30,67,NA,NA,25,NA,NA,28,71
"50","2004-10-10",55,33,28,NA,NA,26,NA,NA,NA,38,NA,7,23,76,NA,NA,30,NA,NA,43,75
"51","2004-10-17",51,45,31,NA,NA,32,NA,NA,NA,31,NA,10,17,92,NA,NA,42,NA,NA,38,90
"52","2004-10-24",40,61,29,NA,NA,40,NA,NA,NA,23,NA,14,19,92,NA,NA,45,NA,17,35,85
"53","2004-10-31",52,68,35,NA,NA,42,NA,NA,NA,29,NA,13,23,94,20,NA,38,NA,25,36,83
"54","2004-11-07",36,56,34,NA,NA,43,NA,NA,NA,20,NA,20,25,82,23,NA,34,NA,23,37,81
"55","2004-11-14",46,47,47,NA,NA,52,NA,NA,NA,32,22,20,25,88,27,NA,27,NA,20,39,100
"56","2004-11-21",62,41,42,NA,NA,56,NA,58,NA,43,34,27,24,98,33,NA,28,NA,24,30,84
"57","2004-11-28",76,41,41,NA,NA,70,27,76,NA,52,39,31,21,233,31,NA,22,NA,26,26,74
"58","2004-12-05",95,46,44,NA,NA,75,43,72,NA,56,48,45,35,190,33,NA,28,NA,27,44,107
"59","2004-12-12",100,86,39,NA,NA,88,42,72,NA,62,45,67,59,174,36,NA,39,NA,28,65,119
"60","2004-12-19",185,127,56,NA,NA,114,41,72,NA,128,57,83,80,201,41,NA,68,NA,27,69,154
"61","2004-12-26",171,139,63,NA,NA,111,47,77,NA,99,95,81,78,251,51,NA,100,NA,32,102,253
"62","2005-01-02",144,129,57,NA,NA,125,44,83,NA,90,90,64,111,295,77,NA,105,NA,43,105,197
"63","2005-01-09",149,113,52,NA,NA,177,42,94,NA,104,110,52,113,212,98,NA,80,NA,54,111,199
"64","2005-01-16",232,132,60,NA,NA,192,40,111,NA,165,138,50,86,342,92,NA,80,NA,58,201,396
"65","2005-01-23",396,154,193,NA,NA,259,46,117,NA,263,151,60,223,364,83,NA,107,NA,73,554,741
"66","2005-01-30",623,506,284,NA,NA,361,56,138,NA,368,310,149,356,431,85,NA,151,NA,91,844,1016
"67","2005-02-06",1132,568,407,NA,NA,526,74,253,NA,686,621,375,738,652,174,NA,230,NA,169,1011,1688
"68","2005-02-13",685,371,411,NA,NA,499,91,317,NA,383,810,356,229,401,236,NA,255,NA,153,493,1198
"69","2005-02-20",317,197,197,NA,NA,255,115,286,NA,201,509,220,104,327,188,NA,268,NA,117,234,487
"70","2005-02-27",179,130,130,NA,NA,172,130,272,NA,121,284,117,120,181,106,NA,126,NA,95,112,203
"71","2005-03-06",134,107,96,NA,NA,161,125,242,NA,86,176,68,105,189,86,NA,81,NA,73,90,115
"72","2005-03-13",90,80,66,NA,NA,111,115,191,NA,54,121,48,66,175,74,NA,97,NA,65,52,87
"73","2005-03-20",67,69,49,NA,NA,79,91,146,NA,41,89,36,60,165,65,NA,69,NA,57,31,112
"74","2005-03-27",45,56,37,NA,NA,63,71,129,NA,26,67,27,58,153,65,NA,56,NA,55,28,82
"75","2005-04-03",34,49,27,NA,NA,72,57,102,NA,17,53,21,41,178,56,NA,36,NA,46,23,101
"76","2005-04-10",30,43,25,NA,NA,80,53,93,NA,18,42,18,31,143,44,NA,31,NA,37,18,89
"77","2005-04-17",25,40,22,NA,NA,71,42,83,NA,15,34,18,19,92,36,NA,26,NA,35,15,63
"78","2005-04-24",20,31,19,NA,NA,49,35,80,NA,10,33,15,14,74,30,NA,23,NA,28,16,46
"79","2005-05-01",10,25,17,NA,NA,38,31,67,NA,6,30,12,10,58,23,NA,23,NA,24,15,38
"80","2005-05-08",10,25,13,NA,NA,26,24,61,NA,6,25,10,7,38,18,NA,20,NA,20,12,31
"81","2005-05-15",10,21,12,NA,NA,20,21,45,NA,5,21,10,7,29,16,NA,18,NA,18,7,34
"82","2005-05-22",9,18,9,NA,NA,17,20,35,NA,4,17,9,6,29,14,NA,14,NA,16,9,33
"83","2005-05-29",9,18,8,NA,NA,16,17,32,NA,5,16,8,5,39,12,NA,12,NA,15,7,27
"84","2005-06-05",11,19,7,NA,NA,19,17,26,NA,6,13,7,6,83,11,NA,10,NA,13,7,27
"85","2005-06-12",11,18,6,NA,NA,18,15,22,NA,5,13,6,5,102,11,NA,10,NA,12,7,20
"86","2005-06-19",8,16,6,NA,NA,19,15,20,NA,4,13,5,5,99,10,NA,9,NA,11,8,16
"87","2005-06-26",7,16,6,NA,NA,14,14,19,NA,3,12,5,4,85,10,NA,8,NA,12,14,13
"88","2005-07-03",7,17,6,NA,NA,12,14,18,NA,4,11,4,4,55,12,NA,7,NA,11,8,15
"89","2005-07-10",6,14,5,NA,NA,10,19,16,NA,4,10,4,4,48,11,NA,7,NA,10,6,15
"90","2005-07-17",9,15,5,NA,NA,9,20,15,NA,5,9,4,4,48,9,NA,7,NA,10,6,20
"91","2005-07-24",10,21,5,NA,NA,10,26,14,NA,5,9,4,4,89,8,NA,7,NA,9,7,23
"92","2005-07-31",9,18,6,NA,NA,10,30,11,NA,5,9,3,5,62,8,NA,8,NA,8,10,23
"93","2005-08-07",10,17,7,NA,NA,8,35,11,NA,7,9,4,5,42,8,NA,10,NA,6,11,22
"94","2005-08-14",11,17,9,NA,NA,8,40,10,NA,5,10,3,5,43,8,NA,13,NA,7,10,20
"95","2005-08-21",9,18,11,NA,NA,8,38,10,NA,6,11,3,6,44,7,NA,22,NA,6,7,15
"96","2005-08-28",9,19,9,NA,5,12,33,10,NA,6,11,3,6,45,7,NA,19,NA,5,8,18
"97","2005-09-04",13,21,9,NA,5,10,36,10,NA,7,12,3,4,47,7,NA,14,NA,5,7,29
"98","2005-09-11",17,30,9,NA,6,8,40,10,NA,8,13,3,6,79,7,NA,14,NA,5,9,54
"99","2005-09-18",43,50,9,NA,7,16,41,9,NA,23,14,6,6,131,8,NA,13,NA,5,41,129
"100","2005-09-25",50,74,9,8,8,24,46,9,NA,29,17,10,10,118,7,NA,20,NA,6,36,145
"101","2005-10-02",76,90,25,8,22,30,50,10,NA,49,26,29,17,104,8,NA,39,NA,7,36,216
"102","2005-10-09",75,115,44,14,39,31,58,11,NA,49,52,29,29,114,13,NA,38,NA,10,72,131
"103","2005-10-16",83,128,53,16,49,45,59,24,NA,62,60,35,33,153,19,NA,27,NA,25,51,105
"104","2005-10-23",61,109,37,17,75,36,60,24,NA,39,72,36,30,105,29,NA,31,NA,29,31,101
"105","2005-10-30",42,74,29,20,94,27,62,24,NA,26,65,46,27,88,24,NA,22,NA,31,31,66
"106","2005-11-06",64,62,28,25,147,35,57,45,NA,37,55,56,40,118,27,NA,17,NA,42,45,98
"107","2005-11-13",72,72,38,24,132,51,52,49,NA,39,62,44,48,152,28,NA,26,NA,42,38,111
"108","2005-11-20",89,82,44,25,142,60,50,53,NA,53,61,47,63,147,29,NA,46,NA,38,56,132
"109","2005-11-27",83,103,50,23,105,46,43,70,NA,59,58,49,46,116,28,NA,40,NA,36,35,62
"110","2005-12-04",85,107,58,28,125,50,36,98,NA,53,55,68,37,86,29,NA,53,NA,35,54,88
"111","2005-12-11",98,114,62,32,116,56,35,105,NA,60,65,74,88,101,35,NA,53,NA,39,60,144
"112","2005-12-18",120,138,67,39,111,72,36,120,NA,71,98,60,60,208,42,NA,54,NA,35,73,199
"113","2005-12-25",120,103,73,50,74,81,37,95,NA,70,128,61,62,138,40,NA,59,NA,42,109,186
"114","2006-01-01",127,139,68,62,91,114,35,91,NA,72,140,67,105,145,45,NA,71,NA,47,58,171
"115","2006-01-08",106,195,50,81,99,130,35,80,NA,62,102,81,44,157,45,NA,101,NA,39,88,148
"116","2006-01-15",96,146,63,69,89,83,36,64,NA,57,73,59,37,111,42,NA,83,NA,31,42,188
"117","2006-01-22",131,132,71,62,70,78,45,62,NA,90,73,57,48,143,39,NA,69,NA,32,80,205
"118","2006-01-29",242,275,101,68,82,209,51,72,NA,157,92,92,62,265,56,NA,136,NA,31,130,314
"119","2006-02-05",262,270,108,138,102,247,58,96,NA,158,119,131,118,274,121,NA,150,NA,75,104,341
"120","2006-02-12",221,157,100,121,109,250,79,156,NA,121,127,107,68,251,186,NA,161,NA,101,161,412
"121","2006-02-19",172,125,105,83,77,203,84,178,NA,109,98,86,60,150,149,NA,85,NA,98,110,391
"122","2006-02-26",117,151,80,72,64,140,79,120,NA,70,81,69,46,106,113,NA,72,NA,72,73,211
"123","2006-03-05",75,108,53,59,45,88,69,106,NA,52,70,53,32,93,80,NA,38,NA,48,63,122
"124","2006-03-12",65,62,48,48,33,82,55,72,NA,40,79,38,36,131,56,NA,28,NA,33,56,100
"125","2006-03-19",61,78,43,37,26,78,45,56,NA,42,76,27,36,139,46,NA,28,NA,32,37,51
"126","2006-03-26",34,80,35,28,19,72,35,40,NA,20,61,22,22,87,40,NA,34,NA,25,21,42
"127","2006-04-02",32,59,28,25,16,65,28,34,NA,19,44,19,17,68,30,NA,31,NA,21,14,49
"128","2006-04-09",22,56,23,20,13,46,26,27,NA,13,39,16,11,68,24,NA,23,NA,19,14,46
"129","2006-04-16",18,46,21,17,12,30,23,25,NA,11,33,14,14,57,21,NA,19,NA,17,12,28
"130","2006-04-23",16,39,18,17,12,27,22,21,NA,9,28,12,15,37,19,NA,18,NA,18,12,29
"131","2006-04-30",12,28,15,15,10,27,19,18,NA,7,27,11,10,42,15,NA,16,NA,16,9,31
"132","2006-05-07",12,26,13,14,10,25,17,16,NA,6,26,9,6,55,14,NA,14,NA,13,9,32
"133","2006-05-14",8,22,11,12,10,18,15,13,NA,5,21,7,5,57,11,NA,13,NA,11,7,23
"134","2006-05-21",9,21,10,11,9,15,14,12,NA,5,20,7,4,48,10,NA,10,NA,10,6,18
"135","2006-05-28",11,21,9,10,8,13,12,10,NA,8,19,8,5,47,9,NA,9,NA,10,7,14
"136","2006-06-04",9,20,10,10,8,11,11,10,NA,4,18,8,4,52,8,NA,9,NA,8,5,13
"137","2006-06-11",7,23,11,9,7,10,10,9,NA,5,15,7,4,45,7,NA,9,NA,8,4,9
"138","2006-06-18",6,23,12,9,6,9,10,8,NA,4,15,8,3,30,7,NA,8,NA,8,3,8
"139","2006-06-25",5,27,11,8,5,9,10,8,NA,4,15,8,3,22,6,NA,7,NA,7,3,8
"140","2006-07-02",5,19,11,8,5,10,9,8,NA,4,14,7,2,17,6,NA,6,NA,7,2,8
"141","2006-07-09",5,18,13,7,4,11,8,8,NA,4,13,6,2,17,6,NA,6,NA,6,2,6
"142","2006-07-16",6,16,13,7,4,10,7,7,NA,3,14,6,2,22,6,NA,6,NA,6,3,7
"143","2006-07-23",5,14,15,8,4,9,7,7,NA,4,14,6,2,19,5,NA,7,NA,6,2,6
"144","2006-07-30",6,11,15,7,3,10,7,8,NA,4,14,5,3,16,5,NA,7,NA,5,3,9
"145","2006-08-06",7,10,17,7,3,12,7,10,NA,3,14,6,3,16,5,NA,7,NA,5,3,20
"146","2006-08-13",9,9,18,7,3,16,7,13,NA,5,14,7,4,16,5,NA,7,NA,5,5,17
"147","2006-08-20",8,10,18,7,3,14,6,13,NA,5,13,8,3,24,5,NA,7,NA,4,4,17
"148","2006-08-27",8,12,15,8,3,12,7,13,NA,5,15,9,3,29,5,NA,7,6,4,5,23
"149","2006-09-03",9,14,14,8,4,12,7,13,NA,6,14,10,3,26,5,NA,7,7,5,4,21
"150","2006-09-10",12,19,18,8,4,17,8,16,NA,6,16,11,3,24,4,NA,7,7,7,5,20
"151","2006-09-17",16,31,23,12,5,22,9,18,NA,10,19,11,5,23,4,NA,9,7,8,6,25
"152","2006-09-24",23,44,25,12,10,24,10,19,NA,12,21,12,9,30,6,NA,13,7,9,12,36
"153","2006-10-01",31,44,31,16,13,26,15,22,NA,17,22,12,11,65,7,NA,19,8,16,24,66
"154","2006-10-08",35,63,37,15,19,21,16,28,NA,19,21,22,14,64,8,5,27,7,22,32,56
"155","2006-10-15",48,64,32,19,32,25,21,42,NA,26,23,28,13,61,11,9,34,8,19,66,91
"156","2006-10-22",40,58,35,19,30,37,23,40,NA,23,25,30,13,69,15,18,33,14,18,31,87
"157","2006-10-29",39,63,33,22,31,47,26,41,NA,22,34,34,12,68,19,21,33,18,23,29,69
"158","2006-11-05",43,59,30,24,31,50,27,43,NA,23,47,37,14,70,19,26,37,23,26,44,87
"159","2006-11-12",41,62,28,22,25,46,25,33,NA,25,46,41,18,57,18,23,28,29,23,36,79
"160","2006-11-19",56,88,31,24,23,70,24,30,NA,37,50,38,17,56,17,28,36,35,29,44,77
"161","2006-11-26",63,86,34,24,23,73,22,37,NA,44,51,43,22,72,19,34,33,37,25,42,86
"162","2006-12-03",72,96,50,23,20,68,25,43,NA,46,56,53,31,68,23,37,33,38,24,63,106
"163","2006-12-10",85,138,52,28,28,62,29,57,NA,51,53,78,39,65,26,43,53,38,45,57,133
"164","2006-12-17",120,152,83,39,38,70,45,79,NA,78,82,83,39,73,42,44,73,51,73,81,156
"165","2006-12-24",198,113,158,60,47,125,78,110,NA,142,116,82,60,89,45,57,76,70,80,190,281
"166","2006-12-31",209,145,122,70,53,189,218,125,NA,138,170,82,82,97,69,70,117,112,87,135,284
"167","2007-01-07",169,91,94,84,62,130,166,209,NA,111,131,88,61,84,79,104,102,106,116,124,306
"168","2007-01-14",155,92,97,63,57,65,127,156,NA,107,84,70,63,91,100,119,83,87,98,178,190
"169","2007-01-21",191,109,91,64,55,156,125,126,NA,118,110,76,147,99,81,101,123,81,101,194,264
"170","2007-01-28",386,267,190,102,130,206,194,152,NA,196,324,224,309,230,94,126,202,104,138,365,444
"171","2007-02-04",567,253,323,170,159,368,420,363,NA,262,424,204,455,387,165,231,302,154,254,489,623
"172","2007-02-11",481,265,289,161,190,301,216,313,NA,250,331,228,209,390,151,235,219,146,186,400,496
"173","2007-02-18",212,201,154,111,144,116,179,214,NA,121,131,119,96,240,115,162,94,115,139,259,220
"174","2007-02-25",77,120,68,66,65,53,127,133,NA,45,72,83,33,122,78,70,54,72,101,84,104
"175","2007-03-04",37,87,34,46,42,36,70,73,NA,24,37,62,22,60,57,39,31,47,58,40,61
"176","2007-03-11",23,65,23,31,30,29,53,49,NA,14,26,43,13,43,41,24,20,39,43,19,30
"177","2007-03-18",23,48,19,25,21,20,31,34,NA,18,21,30,9,34,33,15,23,28,27,18,34
"178","2007-03-25",18,41,19,22,15,22,25,27,NA,11,21,23,8,26,26,10,23,20,24,14,30
"179","2007-04-01",19,42,23,21,13,28,21,20,NA,12,22,21,7,22,23,9,18,16,24,12,39
"180","2007-04-08",16,45,19,19,11,22,16,18,NA,12,25,19,5,26,19,8,17,15,28,11,23
"181","2007-04-15",11,39,14,19,10,18,12,14,NA,7,23,17,4,23,20,8,19,14,23,10,16
"182","2007-04-22",5,31,10,16,8,15,10,12,NA,3,19,12,3,19,17,5,16,13,18,6,10
"183","2007-04-29",6,24,9,16,8,16,10,10,NA,4,16,11,3,14,15,4,13,11,16,5,8
"184","2007-05-06",6,18,8,14,8,14,7,10,NA,3,13,9,3,12,13,4,9,9,13,5,14
"185","2007-05-13",6,13,8,13,7,13,6,11,NA,3,12,9,3,12,12,3,9,8,11,4,14
"186","2007-05-20",7,12,8,12,7,12,6,10,NA,5,11,8,5,15,11,2,11,8,10,4,11
"187","2007-05-27",9,15,8,10,6,13,6,11,NA,6,11,10,4,21,9,2,14,8,10,4,12
"188","2007-06-03",9,15,8,9,6,11,8,12,NA,6,11,10,4,24,9,2,14,8,12,5,16
"189","2007-06-10",7,18,8,7,5,9,10,13,NA,5,10,9,3,25,8,1,12,7,11,5,14
"190","2007-06-17",7,18,9,7,5,9,10,15,NA,4,10,8,3,23,7,1,11,7,11,4,11
"191","2007-06-24",7,15,13,7,5,8,11,14,NA,4,10,7,2,22,7,1,11,8,12,4,10
"192","2007-07-01",6,15,14,6,5,8,10,14,NA,4,11,7,2,18,6,1,12,10,14,3,10
"193","2007-07-08",7,12,13,5,5,8,12,13,NA,5,10,7,2,18,6,1,10,9,13,4,14
"194","2007-07-15",6,12,11,5,4,8,13,13,NA,4,11,6,2,18,6,1,8,10,15,5,13
"195","2007-07-22",7,12,11,5,4,12,11,11,NA,4,13,7,2,24,6,1,7,10,16,4,12
"196","2007-07-29",5,12,11,5,3,14,12,11,NA,3,14,8,2,22,6,2,6,9,16,3,11
"197","2007-08-05",7,11,10,4,4,14,15,10,NA,5,14,9,2,21,5,2,7,9,15,2,12
"198","2007-08-12",7,11,11,4,4,10,13,10,NA,4,13,8,2,18,5,2,10,8,12,3,22
"199","2007-08-19",7,11,10,4,4,12,13,9,NA,4,14,8,3,18,6,3,10,8,12,4,18
"200","2007-08-26",6,11,11,4,4,12,12,9,NA,3,15,8,4,18,5,3,11,8,10,3,14
"201","2007-09-02",8,14,14,4,4,13,11,9,NA,4,14,8,4,16,6,3,11,7,10,4,16
"202","2007-09-09",11,17,12,4,5,10,14,10,NA,8,12,9,4,21,6,3,11,7,10,6,22
"203","2007-09-16",21,21,14,4,7,9,18,12,NA,15,17,11,4,46,6,4,15,7,11,10,25
"204","2007-09-23",45,42,23,5,9,18,25,18,NA,29,20,19,9,61,9,4,21,10,18,28,85
"205","2007-09-30",50,73,46,8,11,31,29,30,NA,30,43,33,21,66,12,6,36,18,25,46,71
"206","2007-10-07",56,66,47,10,16,33,43,43,NA,35,53,44,18,80,17,15,43,27,28,33,91
"207","2007-10-14",55,73,47,21,21,46,46,53,NA,30,62,40,22,73,22,21,38,40,36,37,96
"208","2007-10-21",68,65,51,28,25,57,66,48,NA,41,75,37,27,114,28,22,40,35,33,57,92
"209","2007-10-28",57,60,47,35,33,40,81,51,NA,38,74,35,23,72,27,20,35,38,35,53,87
"210","2007-11-04",77,95,68,34,39,48,69,48,NA,54,87,35,48,57,28,22,36,39,43,70,113
"211","2007-11-11",77,102,68,42,41,45,67,51,NA,41,93,79,34,76,27,17,39,37,60,70,137
"212","2007-11-18",76,97,58,41,36,55,60,48,NA,49,87,67,28,74,29,16,44,34,71,66,125
"213","2007-11-25",92,83,49,46,43,55,72,52,NA,59,82,91,35,71,38,17,52,41,58,66,165
"214","2007-12-02",109,98,60,56,56,55,78,53,NA,69,99,100,34,75,44,18,68,57,48,100,165
"215","2007-12-09",125,112,78,87,65,94,116,53,NA,79,102,84,37,73,44,25,54,73,60,103,160
"216","2007-12-16",181,193,91,103,66,91,132,60,NA,112,126,117,49,126,53,42,93,78,66,153,258
"217","2007-12-23",253,302,86,107,69,111,132,78,NA,168,200,115,83,145,58,97,96,106,102,226,268
"218","2007-12-30",330,283,112,99,122,166,155,132,NA,226,227,234,100,166,76,91,156,149,92,239,408
"219","2008-01-06",339,268,110,154,142,236,161,171,NA,230,204,195,77,216,66,79,140,130,84,243,405
"220","2008-01-13",457,402,179,204,151,220,122,161,NA,300,258,254,122,200,81,111,184,124,118,294,615
"221","2008-01-20",402,304,161,210,162,212,166,178,NA,243,293,192,139,244,93,124,204,139,127,323,579
"222","2008-01-27",424,270,211,244,161,298,157,182,NA,217,337,166,177,197,94,161,235,122,165,475,623
"223","2008-02-03",406,320,198,242,201,233,186,162,NA,197,419,185,188,219,98,146,198,115,146,385,669
"224","2008-02-10",298,174,168,188,146,304,145,141,NA,160,256,172,177,153,90,122,222,84,161,242,514
"225","2008-02-17",211,154,148,155,77,172,107,104,NA,128,174,110,93,127,87,96,146,81,109,168,340
"226","2008-02-24",103,141,78,109,58,89,69,74,NA,59,107,65,55,97,59,81,76,68,69,83,181
"227","2008-03-02",66,65,48,93,49,95,52,59,NA,40,70,42,34,68,45,42,51,58,46,64,105
"228","2008-03-09",36,61,39,63,46,51,41,47,NA,18,45,30,16,70,37,24,33,41,35,37,77
"229","2008-03-16",35,63,31,53,36,52,32,35,NA,19,35,25,11,65,27,18,27,29,28,41,50
"230","2008-03-23",38,49,27,41,28,44,24,32,NA,22,39,28,18,56,21,13,33,24,27,38,48
"231","2008-03-30",33,34,33,34,26,37,20,26,NA,21,42,31,16,55,19,17,36,21,30,30,55
"232","2008-04-06",26,37,27,28,22,41,18,22,NA,16,37,29,10,41,20,14,27,19,27,26,40
"233","2008-04-13",23,42,21,24,20,42,17,21,NA,14,31,24,7,35,18,12,21,17,24,19,48
"234","2008-04-20",16,29,20,22,17,30,14,18,NA,8,31,20,6,31,16,10,19,21,22,23,29
"235","2008-04-27",9,21,19,20,13,20,13,16,NA,6,28,16,5,26,14,7,15,18,19,9,20
"236","2008-05-04",7,17,16,17,11,15,12,13,NA,4,22,13,3,23,14,5,12,16,15,6,14
"237","2008-05-11",6,12,13,16,10,12,9,13,NA,3,18,11,3,20,12,4,9,13,13,7,11
"238","2008-05-18",6,11,11,14,8,12,9,13,NA,3,13,9,2,22,10,3,8,13,12,6,11
"239","2008-05-25",7,10,10,12,8,11,7,11,NA,4,11,8,2,20,9,2,8,10,10,7,14
"240","2008-06-01",8,11,10,11,7,10,7,10,NA,5,9,7,2,23,8,2,10,10,9,7,13
"241","2008-06-08",8,11,10,11,8,9,7,9,NA,5,9,7,3,18,7,2,13,9,8,7,18
"242","2008-06-15",9,12,10,10,9,9,7,8,NA,5,9,7,4,23,7,2,14,8,7,8,19
"243","2008-06-22",5,16,11,9,9,9,8,7,NA,3,10,6,3,20,6,2,12,8,6,4,14
"244","2008-06-29",4,13,10,9,9,9,7,7,NA,2,10,6,2,21,6,2,12,8,6,4,9
"245","2008-07-06",6,13,10,9,8,9,7,6,NA,4,11,6,2,17,5,3,11,8,5,4,8
"246","2008-07-13",6,14,9,9,8,10,6,6,NA,3,10,6,2,16,5,3,9,8,5,3,9
"247","2008-07-20",4,13,8,8,8,9,6,6,NA,2,9,7,2,16,5,3,8,8,5,3,9
"248","2008-07-27",4,14,7,7,7,10,6,6,NA,2,9,7,2,15,5,3,9,8,5,3,8
"249","2008-08-03",4,14,8,7,7,8,5,6,NA,2,7,7,2,16,4,3,8,7,5,2,8
"250","2008-08-10",5,14,9,7,6,7,5,6,NA,3,7,8,2,17,4,2,7,6,5,3,9
"251","2008-08-17",5,13,11,7,6,8,4,6,NA,3,7,7,2,17,4,2,8,6,5,3,10
"252","2008-08-24",4,12,11,7,5,8,4,5,NA,3,8,7,1,19,4,2,10,6,5,3,9
"253","2008-08-31",5,13,9,6,5,8,4,5,NA,3,7,6,1,16,4,2,9,5,5,3,8
"254","2008-09-07",9,16,7,6,6,8,4,5,NA,7,8,6,2,19,5,2,10,5,7,4,11
"255","2008-09-14",20,35,13,6,7,11,4,5,NA,15,14,8,3,31,6,2,17,7,7,9,29
"256","2008-09-21",40,61,24,6,10,26,10,6,11,27,31,24,6,50,9,5,19,14,9,27,62
"257","2008-09-28",39,64,28,7,19,28,22,11,15,26,49,33,10,54,13,12,23,33,9,34,56
"258","2008-10-05",38,58,27,9,30,26,25,11,19,27,51,29,11,57,18,14,24,37,12,41,46
"259","2008-10-12",53,54,31,17,35,38,33,22,24,33,47,27,18,55,20,13,35,36,17,60,64
"260","2008-10-19",48,51,35,33,33,45,34,34,27,31,48,38,19,76,23,17,28,48,18,40,70
"261","2008-10-26",37,51,33,33,25,30,29,34,30,28,49,36,15,45,24,18,26,46,19,35,50
"262","2008-11-02",33,51,25,33,22,32,24,32,30,22,38,33,10,46,27,18,22,41,20,34,32
"263","2008-11-09",39,65,28,33,18,36,21,27,26,28,41,35,10,50,32,15,23,35,17,34,51
"264","2008-11-16",40,67,24,28,21,31,20,23,26,27,46,43,10,53,29,15,25,31,17,43,63
"265","2008-11-23",54,72,28,27,25,39,24,21,29,38,37,39,12,73,26,17,26,34,19,63,74
"266","2008-11-30",70,84,30,29,35,46,36,26,32,51,41,37,19,55,31,27,33,48,20,64,69
"267","2008-12-07",115,97,40,31,35,63,69,45,40,92,60,55,35,103,39,30,61,71,34,87,108
"268","2008-12-14",218,162,69,44,63,102,110,95,50,211,107,135,50,130,64,76,93,102,66,106,155
"269","2008-12-21",377,169,121,78,84,196,250,128,59,409,137,186,88,185,157,138,157,176,87,158,282
"270","2008-12-28",598,246,183,167,104,307,264,185,94,466,234,278,144,262,254,215,223,301,145,292,439
"271","2009-01-04",569,318,158,173,227,368,258,256,176,360,258,266,139,302,197,212,228,216,124,272,504
"272","2009-01-11",770,466,239,316,223,662,277,437,267,390,308,354,198,389,441,481,352,278,168,336,740
"273","2009-01-18",755,515,272,476,239,580,188,551,339,325,450,343,214,356,319,311,326,269,247,452,922
"274","2009-01-25",407,369,180,273,203,206,134,388,274,158,297,226,158,268,167,134,184,147,130,491,802
"275","2009-02-01",194,194,84,198,125,122,82,215,177,76,218,164,83,137,91,77,83,98,85,213,372
"276","2009-02-08",91,121,51,138,75,45,58,116,106,45,105,60,39,78,62,47,48,61,60,141,183
"277","2009-02-15",56,82,37,89,49,31,36,76,75,30,67,40,22,55,40,25,30,48,45,122,90
"278","2009-02-22",42,75,36,54,38,29,34,61,50,20,53,33,15,50,31,17,25,42,38,85,61
"279","2009-03-01",26,54,24,40,32,22,24,47,35,16,48,28,12,34,23,11,19,32,26,34,57
"280","2009-03-08",23,36,20,30,23,21,19,36,28,12,49,25,12,28,18,7,28,27,18,26,46
"281","2009-03-15",18,30,19,27,19,21,17,30,21,9,44,26,13,26,16,6,25,23,14,14,54
"282","2009-03-22",20,27,17,26,15,26,16,26,18,11,48,23,9,25,15,5,18,19,13,21,42
"283","2009-03-29",16,30,16,27,12,21,12,21,16,9,32,21,7,27,14,4,17,19,12,13,36
"284","2009-04-05",12,26,15,26,10,13,11,17,12,7,23,18,6,25,14,4,19,17,12,9,18
"285","2009-04-12",10,21,15,23,9,12,10,15,11,6,17,17,5,28,11,4,15,14,11,11,16
"286","2009-04-19",8,19,13,22,8,11,9,14,10,4,17,13,4,21,10,4,13,15,10,9,13
"287","2009-04-26",12,34,24,26,9,26,13,16,12,10,46,20,29,30,13,6,23,18,13,34,54
"288","2009-05-03",14,57,24,25,10,28,17,15,14,13,53,26,17,31,16,6,24,18,12,18,46
"289","2009-05-10",12,41,24,24,10,17,18,14,13,10,33,23,8,24,26,6,19,19,14,14,38
"290","2009-05-17",8,29,17,25,10,13,14,13,13,9,25,16,7,21,26,5,16,18,14,9,20
"291","2009-05-24",6,21,11,25,9,10,12,13,11,5,18,12,5,19,20,5,12,15,12,6,13
"292","2009-05-31",6,18,8,22,10,8,10,12,11,6,14,10,4,17,16,4,9,12,9,5,13
"293","2009-06-07",7,16,8,19,8,9,9,13,12,7,12,9,3,16,13,3,8,11,8,6,12
"294","2009-06-14",8,21,10,17,7,9,9,12,13,9,13,10,5,17,12,4,8,10,7,9,20
"295","2009-06-21",7,23,11,13,7,13,11,10,12,13,19,14,8,17,10,5,7,11,6,6,18
"296","2009-06-28",7,23,10,12,6,14,11,10,11,14,23,12,6,14,10,5,8,10,6,8,16
"297","2009-07-05",7,23,9,11,6,11,10,9,10,10,18,11,4,15,9,6,7,10,6,8,19
"298","2009-07-12",11,28,12,11,7,12,10,10,11,18,19,11,4,18,10,7,10,11,6,14,31
"299","2009-07-19",20,38,21,11,7,21,14,11,15,36,37,19,8,33,12,8,15,11,7,39,50
"300","2009-07-26",23,41,28,12,10,31,21,15,18,43,57,31,12,40,14,9,19,12,8,46,63
"301","2009-08-02",16,37,26,13,12,28,22,16,17,25,52,31,13,39,14,11,20,14,9,28,44
"302","2009-08-09",15,33,28,14,15,22,19,18,16,25,44,26,12,28,17,12,17,14,10,29,36
"303","2009-08-16",20,28,43,16,15,25,18,20,17,31,48,23,14,31,17,11,18,16,14,37,61
"304","2009-08-23",43,37,77,19,18,41,29,30,17,85,105,41,30,45,18,15,28,19,24,109,132
"305","2009-08-30",53,73,74,27,22,47,47,35,23,109,106,63,48,68,19,28,47,23,49,122,140
"306","2009-09-06",112,198,110,46,45,92,125,95,39,213,208,169,103,121,30,131,77,63,75,222,217
"307","2009-09-13",150,232,115,103,103,154,135,193,120,277,229,255,163,201,61,166,121,195,118,299,278
"308","2009-09-20",113,200,79,140,107,142,109,208,142,178,158,183,62,122,84,118,105,154,93,161,254
"309","2009-09-27",130,155,71,108,72,115,81,153,134,128,105,89,47,96,98,110,83,89,70,145,269
"310","2009-10-04",102,129,53,82,55,81,63,118,109,99,82,76,41,90,92,65,63,66,47,93,173
"311","2009-10-11",81,101,42,66,47,57,54,98,92,75,76,80,33,88,68,46,49,57,41,71,149
"312","2009-10-18",111,119,72,60,43,67,44,92,83,142,77,88,30,85,53,54,59,53,41,58,157
"313","2009-10-25",161,121,74,46,48,83,79,109,95,211,85,111,50,98,59,84,55,75,68,121,229
"314","2009-11-01",131,164,63,49,53,70,82,127,107,142,95,101,47,91,89,75,49,85,63,87,221
"315","2009-11-08",163,194,102,57,61,94,97,109,129,137,103,120,73,113,96,64,83,71,59,114,273
"316","2009-11-15",385,350,273,92,115,197,180,145,226,258,291,255,180,180,174,140,171,94,146,316,634
"317","2009-11-22",801,623,462,228,221,383,322,385,467,456,534,524,362,255,399,327,300,158,347,601,1211
"318","2009-11-29",874,815,385,358,327,566,415,464,602,531,629,537,454,269,421,431,319,209,364,650,1379
"319","2009-12-06",641,544,318,319,235,480,236,415,451,382,431,415,400,230,332,289,285,167,249,495,904
"320","2009-12-13",424,416,190,259,216,361,209,329,348,283,273,311,215,169,203,154,202,155,161,329,586
"321","2009-12-20",203,206,104,189,148,161,99,187,236,131,175,181,89,109,144,124,155,125,119,146,334
"322","2009-12-27",148,154,95,127,102,141,71,138,165,99,122,93,68,98,119,111,98,82,86,122,200
"323","2010-01-03",130,151,76,96,79,90,54,138,140,101,106,108,65,96,80,65,82,68,59,95,168
"324","2010-01-10",82,134,47,78,56,58,42,114,111,60,74,63,37,75,58,46,47,48,49,63,107
"325","2010-01-17",51,96,33,60,40,38,33,81,86,36,58,49,27,57,43,32,40,39,34,36,80
"326","2010-01-24",48,78,30,50,37,32,30,60,60,31,55,48,19,46,35,24,36,40,29,46,83
"327","2010-01-31",42,78,32,46,32,28,30,52,50,26,49,41,18,42,32,21,31,40,29,30,77
"328","2010-02-07",35,76,28,37,33,28,23,52,40,21,56,41,16,40,26,20,27,33,30,24,74
"329","2010-02-14",26,66,30,32,29,28,18,44,36,18,41,40,14,33,22,16,23,24,26,15,56
"330","2010-02-21",19,52,22,28,21,24,18,36,31,11,33,28,12,26,20,14,17,19,19,14,40
"331","2010-02-28",15,46,21,24,20,17,18,32,25,9,32,20,8,21,18,10,15,16,15,10,26
"332","2010-03-07",13,42,18,21,15,11,14,27,23,9,24,17,5,20,16,8,13,13,13,10,25
"333","2010-03-14",11,42,14,19,13,9,13,22,19,6,20,14,4,22,14,7,12,13,10,8,20
"334","2010-03-21",9,40,10,16,11,9,12,17,16,5,16,14,4,22,13,6,9,13,9,7,15
"335","2010-03-28",9,34,9,15,10,8,12,15,15,6,15,12,3,20,13,5,8,12,9,7,21
"336","2010-04-04",8,33,8,14,10,9,9,15,14,6,15,10,3,16,10,6,8,10,8,6,16
"337","2010-04-11",7,26,8,13,9,7,9,13,12,5,13,10,3,13,9,5,8,9,7,5,14
"338","2010-04-18",5,23,7,12,7,5,7,11,10,4,13,9,3,12,8,4,7,8,6,5,10
"339","2010-04-25",4,21,6,11,6,5,6,10,9,2,11,9,2,11,7,4,6,7,6,4,9
"340","2010-05-02",5,25,5,10,6,4,6,9,8,3,10,8,2,10,6,3,6,7,5,4,9
"341","2010-05-09",6,22,4,9,6,5,6,9,8,3,10,7,2,12,6,3,5,7,5,4,12
"342","2010-05-16",7,22,5,9,6,6,6,8,8,4,10,9,2,17,6,3,6,7,5,5,17
"343","2010-05-23",5,20,5,8,5,6,6,8,7,3,11,9,2,17,6,2,5,7,4,4,14
"344","2010-05-30",4,18,5,8,5,5,6,7,7,3,11,9,2,15,6,2,5,7,4,3,11
"345","2010-06-06",3,17,5,7,5,4,6,7,7,2,9,7,2,11,5,2,5,7,4,3,8
"346","2010-06-13",3,15,5,7,4,3,6,6,6,2,9,6,2,10,5,2,5,7,4,2,7
"347","2010-06-20",3,13,4,7,4,3,6,6,6,2,9,6,2,8,5,1,4,6,3,2,7
"348","2010-06-27",2,11,4,6,4,3,5,5,6,1,7,5,1,8,5,1,4,6,3,2,6
"349","2010-07-04",2,9,4,6,4,3,5,5,5,1,6,4,1,7,5,1,3,5,3,2,5
"350","2010-07-11",2,8,4,6,4,2,4,5,5,1,6,4,1,7,5,1,3,4,3,2,5
"351","2010-07-18",2,7,4,5,4,2,3,5,5,2,5,3,1,6,4,1,3,4,3,2,5
"352","2010-07-25",3,6,5,5,3,2,3,5,5,2,5,3,1,6,4,1,3,4,3,2,7
"353","2010-08-01",3,6,5,5,3,3,3,4,5,2,5,3,1,6,4,1,3,4,3,3,8
"354","2010-08-08",3,6,5,5,3,3,3,4,5,3,5,3,1,7,4,1,3,4,3,4,7
"355","2010-08-15",4,6,6,5,3,4,3,4,5,3,4,3,1,8,3,1,4,4,3,3,7
"356","2010-08-22",4,7,7,5,3,5,3,4,4,3,5,4,2,9,3,1,5,4,4,4,7
"357","2010-08-29",5,9,7,5,3,5,3,4,4,3,6,5,2,10,3,1,5,4,4,5,7
"358","2010-09-05",7,11,8,4,3,4,3,4,4,5,8,6,2,16,3,1,6,4,5,4,9
"359","2010-09-12",16,26,9,5,4,6,4,5,5,10,12,15,4,36,4,1,11,6,6,5,29
"360","2010-09-19",27,44,17,5,6,15,7,6,6,17,20,41,7,51,5,2,17,10,10,17,39
"361","2010-09-26",41,56,24,7,12,23,15,9,8,24,34,42,11,69,7,6,28,21,16,32,63
"362","2010-10-03",31,68,27,10,22,24,20,14,10,19,37,34,14,52,10,11,26,28,23,26,51
"363","2010-10-10",29,57,28,12,21,21,19,20,13,19,36,29,13,41,13,11,21,26,19,26,54
"364","2010-10-17",26,49,27,16,21,20,15,27,17,17,39,25,13,39,14,10,19,25,17,29,50
"365","2010-10-24",21,39,18,21,19,18,11,27,22,14,37,22,12,30,14,8,15,20,16,23,40
"366","2010-10-31",18,33,17,21,18,17,10,25,21,11,28,19,9,26,14,7,13,17,15,19,31
"367","2010-11-07",15,32,17,19,14,13,10,23,21,11,22,15,9,30,12,6,14,17,13,15,27
"368","2010-11-14",18,38,15,18,12,13,11,21,20,12,23,13,9,29,11,5,16,17,13,14,32
"369","2010-11-21",28,39,18,21,11,20,14,19,21,19,29,17,12,37,12,6,18,19,14,24,38
"370","2010-11-28",45,48,24,24,11,33,22,19,22,33,52,28,16,53,15,8,32,22,15,37,51
"371","2010-12-05",56,68,29,26,14,36,27,19,27,49,55,33,18,68,16,19,35,30,16,30,68
"372","2010-12-12",104,83,35,31,23,60,39,26,29,101,66,39,21,120,28,50,57,48,18,65,81
"373","2010-12-19",165,105,73,40,36,109,77,39,39,162,74,59,32,201,50,102,76,86,28,101,135
"374","2010-12-26",337,147,154,65,96,220,169,101,73,325,176,125,70,329,156,310,157,142,96,217,329
"375","2011-01-02",490,287,195,157,169,328,263,282,141,373,287,184,100,381,259,270,248,194,156,292,589
"376","2011-01-09",431,195,199,179,133,237,220,264,169,249,213,210,129,267,230,179,167,152,194,282,497
"377","2011-01-16",368,166,193,166,132,240,200,214,165,187,274,206,160,206,158,127,135,126,182,320,484
"378","2011-01-23",331,218,200,197,124,176,154,264,174,124,237,274,193,140,117,83,141,101,180,445,578
"379","2011-01-30",322,238,247,221,122,212,150,229,158,106,287,257,209,116,78,65,130,84,209,523,653
"380","2011-02-06",234,192,176,196,116,157,99,188,151,68,247,225,165,94,61,60,117,60,169,318,608
"381","2011-02-13",129,108,85,162,89,79,72,148,120,38,125,127,107,61,43,32,66,47,98,166,403
"382","2011-02-20",61,78,44,153,63,39,42,108,89,19,90,79,46,44,32,22,44,37,60,66,187
"383","2011-02-27",33,54,28,90,39,27,24,70,63,14,60,50,21,35,24,13,23,31,36,36,107
"384","2011-03-06",20,40,20,62,32,22,17,47,47,10,42,35,12,30,19,10,18,23,25,21,43
"385","2011-03-13",14,30,12,45,20,18,14,35,34,7,32,20,7,24,16,7,15,18,17,18,38
"386","2011-03-20",12,26,10,33,16,12,11,27,29,8,28,15,5,21,13,5,13,15,14,12,24
"387","2011-03-27",10,24,9,26,14,9,8,20,22,7,26,11,4,19,12,4,11,12,10,10,20
"388","2011-04-03",8,22,9,23,12,7,7,17,19,4,20,10,4,17,10,4,10,11,9,9,18
"389","2011-04-10",6,22,8,21,10,7,6,14,16,3,19,11,3,16,9,3,9,10,8,7,14
"390","2011-04-17",4,19,6,20,9,6,6,12,14,3,17,9,3,14,8,3,8,10,7,5,13
"391","2011-04-24",3,15,5,17,7,6,5,10,12,2,13,8,2,12,7,3,7,9,6,4,9
"392","2011-05-01",3,12,4,14,7,5,4,8,11,2,11,7,2,10,6,2,6,8,5,5,7
"393","2011-05-08",2,10,4,12,6,4,4,7,10,2,10,6,2,9,6,2,5,7,4,4,8
"394","2011-05-15",2,9,4,12,5,3,3,7,9,2,8,5,1,9,5,2,4,6,4,3,7
"395","2011-05-22",2,8,3,11,4,3,3,6,9,2,7,4,1,8,4,2,3,6,3,2,5
"396","2011-05-29",2,7,3,10,4,3,2,5,8,2,6,4,1,7,4,1,3,5,3,2,4
"397","2011-06-05",3,6,4,9,3,3,2,5,8,2,6,3,1,7,4,1,3,5,3,2,4
"398","2011-06-12",2,6,4,8,3,3,2,4,8,2,6,3,1,7,4,1,3,4,3,2,5
"399","2011-06-19",2,6,4,7,3,3,2,4,7,2,5,3,1,7,3,1,4,4,2,2,5
"400","2011-06-26",2,6,4,7,3,3,2,4,7,1,5,3,1,7,3,1,3,4,2,1,4
"401","2011-07-03",2,6,4,6,3,3,2,3,6,2,5,3,1,7,3,1,3,3,2,1,3
"402","2011-07-10",2,6,4,6,3,3,2,3,6,1,5,3,1,7,3,1,3,3,2,1,3
"403","2011-07-17",2,6,4,5,3,3,2,3,5,1,5,3,1,7,3,1,3,3,2,1,3
"404","2011-07-24",2,6,4,5,2,2,2,3,5,1,5,3,1,7,3,1,3,3,2,1,3
"405","2011-07-31",2,6,4,5,2,2,2,3,5,1,5,3,1,6,2,1,3,3,2,1,4
"406","2011-08-07",2,6,5,5,2,2,2,3,4,2,5,3,1,6,2,1,3,3,2,2,4
"407","2011-08-14",2,6,5,4,2,2,2,3,4,1,5,3,1,6,2,1,3,3,2,2,4
"408","2011-08-21",2,6,4,4,2,2,2,2,4,1,5,2,1,5,2,1,3,3,2,2,4
"409","2011-08-28",2,6,4,4,2,2,2,2,4,2,5,2,1,5,2,1,3,3,2,2,4
"410","2011-09-04",2,6,4,4,2,3,2,3,4,2,5,2,1,6,2,1,3,2,2,2,4
"411","2011-09-11",4,7,4,4,2,3,2,3,3,3,5,3,1,8,2,1,3,3,2,2,8
"412","2011-09-18",12,8,7,4,2,7,3,3,4,11,6,4,2,20,3,1,6,4,3,3,20
"413","2011-09-25",17,15,12,4,3,10,3,4,4,14,9,9,4,30,3,1,12,5,3,12,30
"414","2011-10-02",18,24,13,4,4,12,6,6,4,16,13,15,7,30,4,2,14,6,4,12,32
"415","2011-10-09",22,30,18,6,5,11,11,9,4,18,21,21,7,33,5,3,14,13,7,15,43
"416","2011-10-16",30,34,20,7,8,14,13,12,4,26,21,22,9,40,7,3,19,17,11,22,54
"417","2011-10-23",28,45,18,9,11,14,15,22,6,26,23,26,12,36,10,5,21,18,11,22,34
"418","2011-10-30",25,44,18,10,12,17,14,26,8,22,22,21,13,34,13,5,20,19,13,20,36
"419","2011-11-06",25,38,19,14,13,20,14,26,11,22,25,21,13,34,13,6,21,21,14,16,31
"420","2011-11-13",39,49,22,18,15,24,15,29,15,35,27,21,12,43,13,8,20,22,15,18,60
"421","2011-11-20",47,53,29,22,17,32,22,31,18,42,35,24,13,46,13,11,22,24,17,21,65
"422","2011-11-27",53,62,36,26,23,37,30,35,20,43,44,25,17,55,14,15,26,27,19,39,73
"423","2011-12-04",59,62,42,31,29,35,30,37,22,51,55,29,18,65,15,19,39,32,21,44,72
"424","2011-12-11",62,55,41,40,30,34,31,43,24,48,59,33,22,63,16,21,40,38,24,43,83
"425","2011-12-18",61,51,43,43,29,39,37,43,28,51,67,34,20,65,20,22,38,36,25,43,70
"426","2011-12-25",71,52,50,42,32,40,37,44,29,61,77,36,19,56,23,23,37,32,32,76,96
"427","2012-01-01",71,60,48,40,32,44,35,41,31,51,79,40,31,55,24,22,44,32,31,61,96
"428","2012-01-08",49,54,39,40,32,32,32,40,29,36,61,35,23,49,26,20,32,31,32,41,63
"429","2012-01-15",75,56,36,40,34,41,35,45,27,58,58,36,26,55,28,23,41,33,31,76,90
"430","2012-01-22",86,62,54,44,33,37,37,49,29,68,77,41,44,53,28,21,38,31,37,126,124
"431","2012-01-29",120,80,52,45,37,66,38,64,32,96,100,56,47,67,33,31,48,36,38,148,157
"432","2012-02-05",195,112,91,60,48,61,54,78,40,156,163,74,79,113,35,33,62,37,44,267,302
"433","2012-02-12",320,167,153,108,66,126,107,109,49,296,257,79,99,195,49,45,97,71,62,531,565
"434","2012-02-19",498,263,284,213,148,183,306,272,98,489,373,106,164,313,78,153,144,218,149,907,727
"435","2012-02-26",454,253,258,216,194,138,281,384,146,338,328,115,173,244,106,238,152,204,225,453,585
"436","2012-03-04",190,139,112,175,122,96,111,236,134,118,155,102,93,125,88,121,116,108,137,102,262
"437","2012-03-11",79,81,70,147,65,63,67,149,111,44,87,76,52,70,67,51,73,67,72,44,130
"438","2012-03-18",41,50,40,105,43,48,42,90,84,25,52,49,24,44,51,28,58,45,48,17,69
"439","2012-03-25",24,40,28,73,28,35,24,64,61,16,38,33,18,31,44,16,37,29,33,12,41
"440","2012-04-01",19,32,18,55,20,27,16,47,46,14,28,24,13,27,34,11,25,22,23,10,31
"441","2012-04-08",17,28,15,44,14,23,13,36,36,13,22,17,7,28,26,8,20,18,19,12,22
"442","2012-04-15",14,27,12,33,11,16,11,27,27,12,20,15,7,25,22,6,15,15,14,12,15
"443","2012-04-22",9,24,11,28,10,13,10,22,22,8,16,14,5,21,17,5,11,13,12,8,10
"444","2012-04-29",6,21,9,23,8,8,8,19,17,5,14,11,4,16,14,4,9,11,9,5,9
"445","2012-05-06",4,16,7,19,7,6,6,16,14,3,13,9,3,15,11,3,7,9,7,4,8
"446","2012-05-13",4,13,6,16,6,5,5,13,12,3,12,7,2,13,9,3,5,9,6,3,9
"447","2012-05-20",5,11,6,14,6,5,5,12,10,4,9,7,3,12,8,3,5,8,6,3,10
"448","2012-05-27",4,9,6,12,5,5,4,11,9,3,9,6,3,10,7,2,5,7,5,3,8
"449","2012-06-03",3,8,6,11,5,4,4,9,8,3,8,5,3,8,6,2,4,6,4,3,7
"450","2012-06-10",3,7,6,10,4,4,4,8,7,3,7,4,2,9,5,2,4,6,4,2,6
"451","2012-06-17",4,7,5,9,4,4,4,7,6,3,7,4,2,9,5,2,3,5,4,2,6
"452","2012-06-24",3,7,5,8,4,4,4,6,5,3,6,4,2,11,5,2,3,4,3,1,4
"453","2012-07-01",3,7,5,7,4,4,3,6,5,3,6,4,2,11,4,2,3,4,3,2,4
"454","2012-07-08",4,8,5,7,3,5,3,5,5,4,6,4,2,13,4,2,3,4,3,1,4
"455","2012-07-15",4,8,5,7,3,4,4,5,4,4,5,4,2,11,4,2,3,4,3,2,5
"456","2012-07-22",3,8,5,6,3,4,3,5,4,2,4,4,1,11,4,2,4,4,3,1,6
"457","2012-07-29",2,8,5,6,3,4,3,4,4,2,4,4,1,10,4,2,3,5,3,2,5
"458","2012-08-05",2,7,5,5,3,4,3,4,3,2,4,4,1,9,4,2,3,4,3,2,5
"459","2012-08-12",2,7,4,5,3,4,3,4,3,2,4,3,1,7,4,1,3,4,3,2,4
"460","2012-08-19",2,6,3,5,2,4,2,4,3,2,4,3,1,7,3,1,3,4,3,2,4
"461","2012-08-26",3,6,4,4,2,4,2,4,3,3,4,3,1,6,3,1,3,4,3,2,5
"462","2012-09-02",4,6,4,5,2,4,2,3,3,3,4,3,2,7,3,1,3,4,2,3,7
"463","2012-09-09",7,6,5,5,2,4,2,3,3,5,5,3,3,9,3,1,4,4,3,4,5
"464","2012-09-16",18,10,9,5,3,7,3,4,3,11,7,5,5,17,3,1,4,5,3,8,6
"465","2012-09-23",36,25,13,6,4,23,7,6,4,25,15,13,7,40,4,2,8,6,4,18,23
"466","2012-09-30",49,54,20,9,7,27,20,10,5,43,34,35,15,65,5,6,18,11,8,22,45
"467","2012-10-07",43,60,22,11,12,25,25,20,6,40,39,36,15,59,7,13,22,25,14,26,52
"468","2012-10-14",40,50,22,18,19,21,26,37,12,37,35,35,14,53,10,12,21,29,20,28,52
"469","2012-10-21",38,44,28,23,19,23,28,39,18,37,30,26,13,41,15,12,20,27,18,23,53
"470","2012-10-28",43,39,33,28,18,20,24,33,20,43,31,23,13,39,18,10,23,24,18,31,50
"471","2012-11-04",39,38,28,27,17,19,24,34,20,38,35,23,12,42,20,8,21,23,19,27,50
"472","2012-11-11",44,45,26,26,16,21,28,35,21,31,16,25,18,45,20,9,25,23,22,27,45
"473","2012-11-18",44,44,26,29,17,20,25,37,20,28,10,24,14,53,19,10,23,26,20,38,56
"474","2012-11-25",54,42,36,31,17,28,24,39,21,42,17,23,15,62,20,11,23,31,23,39,61
"475","2012-12-02",79,63,47,30,21,34,40,44,25,74,43,28,29,75,21,18,31,40,26,63,98
"476","2012-12-09",117,93,63,31,25,45,48,61,29,107,67,42,42,104,28,31,58,48,32,86,136
"477","2012-12-16",184,102,89,38,31,59,66,82,33,186,88,69,55,132,35,49,69,70,42,141,168
"478","2012-12-23",292,241,184,61,80,106,123,193,44,384,270,137,135,181,67,80,142,131,102,342,349
"479","2012-12-30",387,235,153,113,134,160,138,292,75,404,307,173,151,231,122,110,146,150,137,355,409
"480","2013-01-06",277,158,104,135,101,118,103,255,107,239,191,132,93,190,100,95,95,114,93,270,321
"481","2013-01-13",349,168,123,126,97,125,84,191,112,312,267,171,76,187,82,83,104,87,77,431,496
"482","2013-01-20",703,278,143,174,190,211,192,202,127,617,516,197,171,262,114,95,169,123,118,851,929
"483","2013-01-27",1278,377,213,296,357,316,319,468,333,1030,747,425,231,475,148,198,223,215,226,1486,1641
"484","2013-02-03",1324,328,242,422,456,289,309,685,370,738,719,446,270,526,181,305,210,16,241,1680,1834
"485","2013-02-10",1099,368,217,326,402,348,377,667,296,482,586,496,279,483,218,429,286,26,15,1362,1145
"486","2013-02-17",894,343,249,317,278,288,348,542,254,646,461,386,259,376,247,322,243,333,51,805,1002
"487","2013-02-24",443,243,198,230,158,260,179,302,199,352,204,269,147,232,179,205,158,216,120,253,431
"488","2013-03-03",193,134,171,165,87,136,97,182,125,163,113,114,67,126,118,101,95,106,86,105,183
"489","2013-03-10",73,103,62,106,53,46,53,113,75,57,65,56,33,67,67,48,39,61,59,46,94
"490","2013-03-17",44,75,32,74,37,28,34,81,54,30,41,41,20,64,43,28,30,39,37,28,58
"491","2013-03-24",32,55,25,48,27,26,28,57,40,24,32,31,14,55,31,19,24,32,29,24,42
"492","2013-03-31",32,50,22,39,22,27,26,42,33,23,31,27,13,50,22,17,24,33,23,20,44
"493","2013-04-07",24,39,18,33,18,20,23,33,26,18,28,27,13,44,20,14,23,29,18,16,28
"494","2013-04-14",14,32,14,29,16,15,17,27,23,11,23,23,9,38,16,11,17,25,15,11,22
"495","2013-04-21",11,22,12,25,13,11,14,21,20,9,21,18,7,27,14,9,12,21,12,9,22
"496","2013-04-28",8,18,10,21,12,9,9,17,17,6,18,12,5,21,11,7,9,17,10,7,19
"497","2013-05-05",8,14,10,21,9,7,7,14,15,6,15,9,4,17,9,6,7,14,8,6,16
"498","2013-05-12",7,13,10,17,7,6,6,11,12,5,14,8,3,16,9,4,7,12,8,6,13
"499","2013-05-19",9,12,7,16,6,7,6,10,11,8,13,7,3,19,8,3,6,11,7,6,14
"500","2013-05-26",8,18,7,15,6,7,7,9,10,6,12,7,3,23,7,3,6,10,7,8,18
"501","2013-06-02",7,17,6,13,5,6,7,8,9,6,11,7,4,24,6,2,5,9,6,7,15
"502","2013-06-09",6,16,6,11,5,6,6,7,8,5,10,6,3,19,6,2,4,9,6,6,10
"503","2013-06-16",4,14,6,10,4,6,5,6,7,3,8,5,3,15,5,2,4,8,5,4,6
"504","2013-06-23",4,12,6,9,4,5,4,6,7,3,8,5,3,12,5,2,4,8,5,3,5
"505","2013-06-30",3,9,6,9,4,4,4,5,6,3,7,4,2,10,5,2,3,7,4,2,7
"506","2013-07-07",2,8,5,8,4,3,4,5,5,2,6,4,2,9,5,2,3,6,3,2,5
"507","2013-07-14",2,7,4,7,3,3,4,4,5,1,5,3,2,8,4,1,3,6,3,2,4
"508","2013-07-21",1,6,4,6,3,3,3,4,5,1,4,3,1,7,4,1,2,5,2,2,4
"509","2013-07-28",1,5,3,6,3,2,3,4,4,1,4,2,1,7,4,1,2,4,2,2,4
"510","2013-08-04",2,5,3,5,3,2,3,3,4,0,4,2,1,6,4,1,2,4,2,2,4
"511","2013-08-11",2,4,3,5,3,2,3,3,4,1,4,2,1,6,4,1,2,4,2,1,4
"512","2013-08-18",2,4,4,5,2,2,2,3,3,1,4,2,1,6,3,1,2,3,2,2,5
"513","2013-08-25",3,4,4,4,2,2,2,3,3,1,4,2,1,6,3,1,2,3,2,2,6
"514","2013-09-01",3,4,4,4,2,2,2,3,3,1,5,2,2,6,3,1,2,3,2,2,5
"515","2013-09-08",6,5,5,4,2,2,2,3,3,2,5,2,3,9,3,1,3,3,3,3,6
"516","2013-09-15",19,15,7,5,3,4,3,3,3,5,9,3,6,24,3,1,6,4,4,10,23
"517","2013-09-22",32,41,13,6,5,10,10,3,3,14,15,11,12,52,4,3,12,9,6,16,48
"518","2013-09-29",27,43,15,8,8,13,20,5,3,17,27,32,9,53,5,5,13,22,10,18,37
"519","2013-10-06",30,46,19,15,15,12,20,9,5,18,30,23,10,43,8,13,13,30,11,21,40
"520","2013-10-13",31,50,25,24,17,11,21,18,6,20,39,20,14,39,13,11,16,26,11,23,46
"521","2013-10-20",20,41,19,21,14,12,20,21,8,13,33,18,9,33,14,9,12,22,10,20,29
"522","2013-10-27",19,35,17,20,13,13,15,20,12,12,27,15,7,30,12,8,10,18,12,13,28
"523","2013-11-03",21,30,17,20,14,11,16,19,14,14,25,13,9,29,11,7,9,17,12,17,29
"524","2013-11-10",25,31,16,18,13,12,19,17,14,17,29,13,10,33,11,6,11,15,13,20,38
"525","2013-11-17",35,31,25,17,13,19,23,16,13,22,35,16,16,48,12,7,19,15,15,23,51
"526","2013-11-24",45,34,31,19,17,24,23,18,14,31,47,22,20,47,14,10,23,18,18,34,52
"527","2013-12-01",55,43,33,21,19,25,32,21,13,39,56,28,22,62,18,17,29,25,23,38,75
"528","2013-12-08",68,52,47,27,23,29,34,22,15,52,62,34,25,72,26,19,30,39,23,47,110
"529","2013-12-15",80,54,59,33,24,30,32,30,19,62,65,56,32,87,27,23,34,49,25,67,112
"530","2013-12-22",107,66,60,48,29,30,36,33,21,68,113,57,42,97,33,31,36,57,24,120,153
"531","2013-12-29",114,93,72,58,36,53,43,39,25,63,129,53,48,97,34,34,51,54,28,106,145
"532","2014-01-05",78,70,58,61,38,35,40,47,32,44,97,47,38,85,38,32,39,48,33,76,103
"533","2014-01-12",70,55,54,57,34,33,36,49,35,40,72,43,28,69,38,23,36,38,31,85,98
"534","2014-01-19",119,73,101,64,35,50,37,45,40,68,98,53,44,94,40,25,45,35,36,106,184
"535","2014-01-26",178,92,106,91,51,54,72,50,47,116,176,77,66,119,55,37,58,47,48,180,282
"536","2014-02-02",286,115,121,135,76,88,97,85,68,164,228,96,96,146,72,64,101,82,82,255,452
"537","2014-02-09",371,142,146,184,106,97,99,130,93,258,336,152,123,170,92,105,104,97,99,405,491
"538","2014-02-16",341,176,101,183,112,121,121,165,103,194,76,119,117,167,92,124,115,125,95,353,463
"539","2014-02-23",191,113,49,150,94,120,91,153,91,103,213,102,73,119,72,94,85,101,63,189,364
"540","2014-03-02",95,89,33,114,64,55,52,116,76,54,118,87,37,72,57,55,52,59,36,118,180
"541","2014-03-09",54,65,28,78,46,51,34,76,57,38,73,51,22,50,43,30,35,41,27,86,74
"542","2014-03-16",36,41,28,54,29,33,28,50,42,30,48,31,15,39,35,21,23,29,20,32,40
"543","2014-03-23",25,30,23,39,23,19,21,36,33,22,36,26,8,34,26,15,20,25,16,24,28
"544","2014-03-30",20,27,20,27,18,18,17,27,26,18,25,17,6,38,21,13,17,24,12,20,25
"545","2014-04-06",17,28,14,21,14,14,14,20,23,14,24,18,5,38,18,12,14,21,11,13,22
"546","2014-04-13",14,23,11,19,11,12,10,17,19,11,22,17,4,36,14,11,12,18,9,11,21
"547","2014-04-20",11,21,9,17,10,12,10,15,17,9,24,16,5,31,13,8,10,17,8,11,19
"548","2014-04-27",10,17,8,17,9,10,8,14,16,8,23,15,4,27,12,6,8,16,7,9,21
"549","2014-05-04",7,15,7,16,8,9,7,12,13,5,20,13,4,24,11,5,8,13,6,7,15
"550","2014-05-11",6,13,7,14,7,7,6,10,11,5,15,11,4,20,10,4,7,12,6,6,12
"551","2014-05-18",5,12,6,12,7,6,5,9,10,4,13,10,3,19,8,4,6,10,5,5,10
"552","2014-05-25",6,11,6,12,6,5,5,9,9,4,11,9,3,17,8,3,6,10,5,4,10
"553","2014-06-01",5,10,6,12,6,5,4,8,9,4,11,8,3,16,7,3,6,9,5,4,11
"554","2014-06-08",3,9,6,11,5,5,4,7,8,3,9,7,2,15,6,3,5,8,5,4,9
"555","2014-06-15",3,8,5,11,5,5,4,7,8,2,8,6,2,13,5,2,5,8,4,4,6
"556","2014-06-22",2,8,5,10,4,4,4,6,7,1,7,5,2,12,5,2,4,7,4,2,4
"557","2014-06-29",2,7,4,9,4,3,3,6,6,2,7,5,2,11,4,2,3,7,4,2,4
"558","2014-07-06",3,6,4,9,4,3,3,5,6,2,6,4,1,10,4,2,3,6,3,2,4
"559","2014-07-13",3,6,3,8,3,3,3,5,6,2,6,4,1,10,4,1,2,6,3,2,4
"560","2014-07-20",2,6,3,8,3,3,3,5,5,2,6,3,1,9,4,1,2,5,3,2,5
"561","2014-07-27",2,6,3,8,3,2,3,4,5,2,5,3,1,8,4,1,2,5,3,2,4
"562","2014-08-03",2,5,2,8,3,2,3,4,5,2,5,3,1,8,3,1,2,5,3,3,4
"563","2014-08-10",3,6,3,8,3,3,3,4,5,3,5,3,1,8,3,1,2,5,2,2,4
"564","2014-08-17",4,6,3,8,3,3,3,3,5,4,6,2,1,8,3,1,2,4,2,3,5
"565","2014-08-24",3,6,3,7,3,3,3,3,4,4,6,2,1,10,3,1,2,4,2,3,5
"566","2014-08-31",3,7,4,7,2,3,3,3,4,3,6,2,1,11,3,1,2,4,2,3,6
"567","2014-09-07",5,9,4,7,2,3,3,3,4,5,6,2,2,15,3,1,2,4,2,3,6
"568","2014-09-14",10,10,5,7,3,4,4,3,4,10,7,3,2,17,3,1,3,5,2,5,11
"569","2014-09-21",17,14,7,8,3,5,6,3,4,17,10,4,3,24,3,1,4,5,3,11,27
"570","2014-09-28",20,20,10,10,4,9,9,4,4,19,12,6,6,32,4,1,11,6,3,12,35
"571","2014-10-05",26,28,16,11,8,12,13,5,5,28,20,14,7,40,4,2,17,7,6,13,36
"572","2014-10-12",26,35,16,13,11,14,14,9,5,28,23,18,7,42,7,4,16,10,9,16,31
"573","2014-10-19",25,35,16,16,15,15,15,13,6,26,26,20,6,38,9,6,15,15,11,18,37
"574","2014-10-26",23,34,14,17,14,14,16,20,7,25,26,25,6,39,11,7,14,18,12,22,35
"575","2014-11-02",25,33,14,21,13,14,16,22,9,24,26,23,7,36,12,8,14,20,12,25,46
"576","2014-11-09",24,35,15,22,12,12,14,21,14,26,27,24,7,32,12,9,14,23,12,20,36
"577","2014-11-16",32,36,19,20,13,12,13,22,18,36,28,22,8,39,13,9,14,24,13,27,43
"578","2014-11-23",38,42,20,20,13,15,14,23,18,41,28,24,11,55,13,10,18,24,12,26,52
"579","2014-11-30",58,54,23,21,15,18,16,29,18,70,34,33,12,65,13,11,21,29,15,40,76
"580","2014-12-07",78,69,37,27,19,31,24,30,21,84,40,41,17,105,20,14,29,36,17,57,84
"581","2014-12-14",113,95,53,29,24,43,46,41,25,107,76,56,29,129,33,25,38,48,27,85,128
"582","2014-12-21",173,131,79,47,33,65,63,52,27,175,113,85,43,180,51,52,63,58,48,148,200
"583","2014-12-28",250,172,127,67,40,78,88,74,31,267,158,119,63,180,70,98,81,94,75,203,244
"584","2015-01-04",164,146,86,85,44,66,82,96,39,151,131,100,50,167,72,113,64,96,77,146,169
"585","2015-01-11",191,125,82,93,50,76,73,92,44,185,99,82,57,141,69,113,60,102,88,192,191
"586","2015-01-18",470,213,208,117,73,139,150,109,56,464,226,116,128,206,100,129,149,140,157,347,368
"587","2015-01-25",1374,450,424,260,161,358,437,368,101,1356,454,313,325,364,246,435,368,340,393,884,843
"588","2015-02-01",2333,555,579,434,335,672,667,926,245,2238,799,424,463,463,331,776,607,438,565,1837,1648
"589","2015-02-08",2509,648,650,449,508,701,931,967,329,2319,1036,435,540,545,292,833,615,680,736,2369,1774
"590","2015-02-15",2191,771,652,430,568,582,1053,1119,441,1945,923,403,461,634,280,869,427,687,710,2492,1175
"591","2015-02-22",943,513,291,358,372,294,423,815,397,877,505,298,179,406,200,524,208,404,323,892,697
"592","2015-03-01",247,215,101,217,158,109,165,360,251,213,244,161,67,169,123,192,79,189,130,249,282
"593","2015-03-08",102,113,54,138,86,64,72,208,166,89,143,98,45,99,78,79,53,100,63,81,132
"594","2015-03-15",58,73,35,97,53,42,38,99,99,54,88,69,23,71,48,42,34,64,38,38,90
"595","2015-03-22",43,54,26,72,37,34,24,64,73,42,57,53,16,52,43,24,30,43,25,27,67
"596","2015-03-29",30,42,23,51,26,31,18,47,54,24,43,42,15,46,32,17,32,31,19,21,43
"597","2015-04-05",26,34,21,42,20,28,16,34,43,21,34,38,14,44,29,13,26,27,16,15,44
"598","2015-04-12",15,30,16,34,16,20,14,27,33,14,26,28,11,39,26,10,17,22,13,13,29
"599","2015-04-19",9,24,12,27,13,15,11,22,28,7,22,22,8,32,21,8,11,18,11,10,20
"600","2015-04-26",7,20,9,23,11,10,10,18,24,6,17,17,5,27,18,7,9,16,8,9,14
"601","2015-05-03",6,18,7,19,10,8,8,15,20,5,14,13,4,22,15,6,7,14,7,8,12
"602","2015-05-10",5,15,6,16,8,6,7,12,17,4,12,11,3,19,12,5,7,12,6,6,10
"603","2015-05-17",6,15,6,14,7,6,6,11,15,6,11,9,3,18,11,4,7,11,5,5,10
"604","2015-05-24",6,13,6,13,6,5,5,10,13,6,10,8,3,18,10,4,7,10,5,5,15
"605","2015-05-31",5,12,7,12,5,5,4,9,12,6,9,9,3,17,9,3,6,9,5,5,15
"606","2015-06-07",5,10,7,11,5,5,4,8,10,4,9,8,3,18,8,3,6,8,4,4,11
"607","2015-06-14",4,10,7,11,4,4,4,8,9,3,9,8,3,17,7,3,6,7,4,3,8
"608","2015-06-21",2,9,6,10,4,4,4,6,9,2,9,7,2,17,6,3,5,6,4,2,6
"609","2015-06-28",1,9,5,9,4,4,3,6,8,1,9,6,2,14,6,2,4,6,3,2,4
"610","2015-07-05",1,8,4,8,3,3,3,5,7,1,7,5,1,12,5,2,3,6,3,1,4
"611","2015-07-12",1,7,4,8,3,3,3,5,7,1,7,5,1,10,5,2,3,5,3,1,3
"612","2015-07-19",1,6,3,8,3,3,2,5,6,1,6,4,1,9,4,2,3,5,3,1,3
"613","2015-07-26",2,6,3,7,3,2,2,5,6,2,6,4,1,8,4,2,2,4,2,1,3
"614","2015-08-02",1,5,3,7,2,2,2,4,5,1,5,4,1,8,4,2,2,4,2,1,3
"615","2015-08-09",2,5,3,7,2,2,2,4,5,1,5,3,1,7,4,1,2,4,2,1,3
